group,importance
tcn_embedding,0.3170241785341928
late_settle,0.2948023225328138
handcrafted_other,0.020709729225728227
